1000364103158,411430169,1000042711417,1000125911417,1000020711417,1000021311417,eatest.wwce.lt@gmail.com
1000122711417,411430169,1000042711417,1000125911417,1000020711417,1000021311417,eatest.wwce.lt@gmail.com
1000040134876,411430171,1010028334876,1000080334876,1000020734876,1000021334876,eatest.wwce.lt%2B004@gmail.com
1000040583407,411430174,1010048783407,1000060583407,1000020983407,1000021583407,eatest.wwce.lt%2B008@gmail.com
1000060729514,411424183,1010026329514,1000101129514,1000020929514,1000021529514,eatest.wwce.lt%2B012@gmail.com
1000080513628,411430179,1000046313628,1000121113628,1000041313628,1000041913628,eatest.wwce.lt%2B016@gmail.com
1000040723896,411430181,1010032723896,1000040723896,1000020723896,1000021323896,eatest.wwce.lt%2B020@gmail.com
1000042140218,411430184,1000058340218,1000062340218,1000020740218,1000021340218,eatest.wwce.lt%2B024@gmail.com
1000040734297,411424189,1000044334297,1000061534297,1000021134297,1000021734297,eatest.wwce.lt%2B028@gmail.com
1000060726684,411430191,1000200326684,1000081526684,1000001126684,1000001726684,eatest.wwce.lt%2B032@gmail.com
1000080934493,411424191,1000035134493,1000062534493,1000020734493,1000021334493,eatest.wwce.lt%2B036@gmail.com
1000040955263,411430195,1010028355263,1000062155263,1000021355263,1000021955263,eatest.wwce.lt%2B040@gmail.com
1000020739087,411430198,1000026539087,1000041139087,1000021139087,1000021739087,eatest.wwce.lt%2B044@gmail.com
1000060569817,411430202,1010040369817,1000081169817,1000021169817,1000021769817,eatest.wwce.lt%2B048@gmail.com
1000061564322,411430205,1000028564322,1000082764322,1000021564322,1000022164322,eatest.wwce.lt%2B052@gmail.com
1000060520978,411424197,1010036320978,1000100520978,1000020920978,1000021720978,eatest.wwce.lt%2B056@gmail.com
1000020161697,411424200,1000024361697,1000040361697,1000020561697,1000021161697,eatest.wwce.lt%2B060@gmail.com
1000080535333,411424204,1000050735333,1000081335333,1000020735333,1000021335333,eatest.wwce.lt%2B064@gmail.com
1000041168977,411424206,1010050768977,1000062168977,1000020768977,1000021368977,eatest.wwce.lt%2B068@gmail.com
1000042319615,411430212,1000050319615,1000084919615,1000020719615,1000021319615,eatest.wwce.lt%2B072@gmail.com
1000040343194,411430214,1000042343194,1000060543194,1000020743194,1000021343194,eatest.wwce.lt%2B076@gmail.com
1000020975553,411430216,1010030375553,1000041975553,1000000975553,1000001575553,eatest.wwce.lt%2B080@gmail.com
1000080375950,411430218,1000026375950,1000100775950,1000040975950,1000041775950,eatest.wwce.lt%2B084@gmail.com
1000023399504,411424220,1010028799504,1000065399504,1000021999504,1000022599504,eatest.wwce.lt%2B088@gmail.com
1000100754287,411424221,1000090354287,1000122154287,1000040554287,1000041154287,eatest.wwce.lt%2B092@gmail.com
1000080388392,411424223,1000024388392,1000080788392,1000020988392,1000021588392,eatest.wwce.lt%2B096@gmail.com
1000040700033,411430225,1000062500033,1000062100033,1000021700033,1000022300033,eatest.wwce.lt%2B100@gmail.com

